0,Pure-RL,experiment-log-rmcgan (2),experiment-log-rmcgan (3),experiment-log-rmcgan (4),experiment-log-rmcgan (5),experiment-log-rmcgan (6),experiment-log-rmcgan (7),experiment-log-rmcgan (8),Pure-RL,,,GAN-LSTM,experiment-log-rmcgan (2),experiment-log-rmcgan (4),experiment-log-rmcgan (5),GAN-LSTM,,,Opti-GAN (Ours),experiment-log-rmcgan (2),experiment-log-rmcgan (3),experiment-log-rmcgan (4),Opti-GAN (Ours),,,SeqGAN,experiment-log-seqgan-real (2),experiment-log-seqgan-real (3),experiment-log-seqgan-real (4),SeqGAN
0,1.5752,1.4949,1.4862,1.5638,1.5312,1.5637,1.5207,1.5201,1.531975,,,1.541,1.5311,1.5201,1.5675,1.539925,,,1.5836,1.529,1.5437,1.5181,1.5436,,,1.5165421,1.5299021,1.5817504,1.526837,1.5387579
10,0.9921,0.9591,0.953,0.9512,0.9489,0.9615,0.965,0.9574,0.961025,,,0.9593,0.9522,0.988,0.9566,0.964025,,,0.9791,0.95,0.9614,0.9591,0.9624,,,0.9699294,0.9592692,0.96613353,0.962112,0.964361032
20,0.8682,0.8426,0.8352,0.8389,0.8376,0.8402,0.8437,0.8432,0.8437,,,0.8448,0.8402,0.8598,0.833,0.84445,,,0.85,0.8365,0.8494,0.8521,0.847,,,0.8586035,0.83382946,0.842748,0.8509799,0.846540215
30,0.8155,0.8005,0.7901,0.7941,0.7987,0.8012,0.7973,0.8028,0.800025,,,0.8029,0.8012,0.8101,0.7857,0.799975,,,0.8066,0.7926,0.8055,0.806,0.802675,,,0.8150053,0.7913834,0.794962,0.81094813,0.803074708
40,0.7915,0.7793,0.7719,0.774,0.7844,0.7747,0.7742,0.7826,0.779075,,,0.7847,0.7775,0.7863,0.7647,0.7783,,,0.7828,0.7712,0.7793,0.7811,0.7786,,,0.79363513,0.7713971,0.7758121,0.7888921,0.782434108
50,0.7764,0.7598,0.758,0.7628,0.7636,0.7615,0.7591,0.7713,0.7640625,,,0.7831,0.7653,0.7722,0.7453,0.766475,,,0.7652,0.763,0.7664,0.7667,0.765325,,,0.7775406,0.75440824,0.7659788,0.7765368,0.76861611
60,0.7677,0.7564,0.7471,0.7544,0.7533,0.7513,0.7461,0.763,0.7549125,,,0.758,0.7532,0.7586,0.7358,0.7514,,,0.7517,0.7482,0.7533,0.7563,0.752375,,,0.76909006,0.7508549,0.75219375,0.7629957,0.758783603
70,0.7569,0.7466,0.7391,0.7478,0.7487,0.7418,0.7422,0.7522,0.7469125,,,0.7466,0.7489,0.7516,0.728,0.743775,,,0.7428,0.7414,0.7467,0.7512,0.745525,,,0.75832653,0.7403895,0.7393004,0.7576476,0.748916008
80,0.7499,0.7367,0.7293,0.7417,0.7425,0.7387,0.7335,0.7397,0.739,,,0.7428,0.7366,0.7457,0.7264,0.737875,,,0.7369,0.7348,0.7409,0.7495,0.740525,,,0.7516399,0.73168576,0.7347139,0.75273925,0.742694703
90,0.7483,0.7347,0.7244,0.7416,0.7357,0.734,0.7289,0.7345,0.7352625,,,0.732,0.73,0.7414,0.7202,0.7309,,,0.73,0.7265,0.737,0.7438,0.734325,,,0.744915,0.7224812,0.72789264,0.7440433,0.734833035
100,0.7444,0.7255,0.7211,0.7435,0.7308,0.7294,0.7251,0.7292,0.731125,,,0.7306,0.7253,0.7367,0.7132,0.72645,,,0.7274,0.7211,0.7363,0.7408,0.7314,,,0.73731524,0.719595,0.725062,0.7426927,0.731166235
110,0.7409,0.7254,0.7159,0.7312,0.725,0.7278,0.7172,0.7233,0.7258375,,,0.7251,0.7236,0.7383,0.7116,0.72465,,,0.723,0.7176,0.7292,0.7362,0.7265,,,0.7340677,0.71421003,0.72321486,0.7354033,0.726723973
120,0.7444,0.7223,0.7114,0.7281,0.7224,0.7252,0.7165,0.7221,0.72405,,,0.7236,0.7191,0.7378,0.7064,0.721725,,,0.7174,0.7167,0.7285,0.7323,0.723725,,,0.7364854,0.711734,0.7169452,0.72788393,0.723262133
130,0.7372,0.7194,0.7148,0.7295,0.7188,0.726,0.7154,0.7215,0.722825,,,0.7179,0.7153,0.7258,0.7059,0.716225,,,0.7173,0.7142,0.7234,0.7312,0.721525,,,0.7313076,0.7074582,0.7150822,0.7286835,0.720632875
140,0.7327,0.72,0.7088,0.7255,0.7242,0.7212,0.7145,0.7184,0.7206625,,,0.7207,0.7169,0.7252,0.7052,0.717,,,0.7154,0.7147,0.72,0.7298,0.719975,,,0.7269199,0.70495945,0.713486,0.72925687,0.718655555
150,0.7341,0.7147,0.7131,0.7259,0.7214,0.7181,0.7096,0.7169,0.719225,,,0.7197,0.7128,0.7183,0.7036,0.7136,,,0.7161,0.7136,0.7159,0.7259,0.717875,,,0.7349397,0.7080502,0.7185695,0.7245954,0.7215387
170,0.7341,0.7148,0.7131,0.7259,0.7214,0.7179,0.7097,0.7168,0.7192125,,,0.7196,0.7128,0.7183,0.7037,0.7136,,,0.716,0.7138,0.7157,0.7258,0.717825,,,0.80707806,0.77826935,0.7971529,0.7976787,0.795044753
190,0.7341,0.7148,0.7133,0.7259,0.7214,0.7178,0.7095,0.7167,0.7191875,,,0.7197,0.713,0.7184,0.7035,0.71365,,,0.7157,0.7139,0.7158,0.7255,0.717725,,,0.8558789,0.81231487,0.8578151,0.86802965,0.84850963
210,0.7342,0.7149,0.7134,0.7259,0.7214,0.7178,0.7094,0.7167,0.7192125,,,0.72,0.7135,0.7185,0.7036,0.7139,,,0.7157,0.7141,0.7163,0.7253,0.71785,,,0.89251417,0.84951115,0.87806475,0.91740066,0.884372683
230,0.7342,0.715,0.7135,0.726,0.7215,0.7177,0.7092,0.7168,0.7192375,,,0.7203,0.7136,0.7188,0.704,0.714175,,,0.7157,0.7147,0.717,0.7253,0.718175,,,0.94019943,0.8825699,0.9053166,0.95152813,0.919903515
250,0.7343,0.7151,0.7136,0.7261,0.7216,0.7177,0.7091,0.7169,0.7193,,,0.7207,0.7137,0.7192,0.7043,0.714475,,,0.716,0.7154,0.7173,0.7255,0.71855,,,1.005787,0.8955832,0.9374198,0.957088,0.9489695
270,0.7346,0.7152,0.7139,0.7263,0.7217,0.7177,0.709,0.7171,0.7194375,,,0.7212,0.7138,0.7197,0.7049,0.7149,,,0.7164,0.7161,0.7178,0.726,0.719075,,,0.9926784,0.9146768,0.96490586,0.9792326,0.962873415
290,0.7347,0.7153,0.7141,0.7264,0.722,0.7178,0.7088,0.7172,0.7195375,,,0.7218,0.7143,0.7203,0.7056,0.7155,,,0.7171,0.7169,0.7183,0.7265,0.7197,,,1.0082465,0.93200153,0.9841817,1.0191017,0.985882858
310,0.735,0.7155,0.7143,0.7265,0.7222,0.7178,0.7087,0.7173,0.7196625,,,0.7225,0.7148,0.7209,0.7063,0.716125,,,0.7178,0.7176,0.7188,0.7272,0.72035,,,1.0254259,0.9636725,1.0276335,1.0373954,1.013531825
330,0.7351,0.7159,0.7144,0.7268,0.7224,0.7179,0.7087,0.7175,0.7198375,,,0.7233,0.7153,0.7217,0.7068,0.716775,,,0.7185,0.7185,0.7196,0.7279,0.721125,,,1.0292448,1.0724411,1.0412028,1.0596058,1.050623625
350,0.7355,0.7163,0.7147,0.7271,0.7227,0.718,0.7088,0.7179,0.720125,,,0.724,0.716,0.7224,0.7075,0.717475,,,0.7192,0.7193,0.7205,0.7287,0.721925,,,1.0680392,1.0797232,1.0896982,1.0748284,1.07807225
370,0.7359,0.7166,0.715,0.7274,0.7228,0.718,0.7088,0.7181,0.720325,,,0.7249,0.7167,0.7231,0.7082,0.718225,,,0.72,0.7202,0.7214,0.7296,0.7228,,,1.1338682,1.0903846,1.0914533,1.0988744,1.103645125
390,0.7365,0.7168,0.7153,0.7277,0.7233,0.7182,0.7089,0.7184,0.7206375,,,0.726,0.7178,0.7239,0.709,0.719175,,,0.7207,0.721,0.7222,0.7305,0.7236,,,1.1745371,1.1042562,1.0999519,1.0937504,1.1181239
410,0.737,0.7171,0.7157,0.728,0.7237,0.7184,0.709,0.7187,0.72095,,,0.7269,0.7187,0.7247,0.7096,0.719975,,,0.7214,0.722,0.7229,0.7317,0.7245,,,1.2039713,1.0461711,1.1015365,1.0916151,1.1108235
430,0.7376,0.7176,0.7161,0.7283,0.7243,0.7186,0.7092,0.7191,0.72135,,,0.7276,0.7198,0.7255,0.7103,0.7208,,,0.7221,0.7227,0.7239,0.7327,0.72535,,,1.1577047,1.0535296,1.0794531,1.0971594,1.0969617
450,0.7384,0.7181,0.7165,0.7285,0.7248,0.7188,0.7095,0.7195,0.7217625,,,0.7285,0.7207,0.7264,0.7109,0.721625,,,0.7229,0.7235,0.7246,0.7337,0.726175,,,1.1583331,1.0730883,1.094063,1.1206777,1.111540525
470,0.739,0.7186,0.7169,0.7289,0.7254,0.719,0.7097,0.7201,0.7222,,,0.7297,0.7214,0.7271,0.7115,0.722425,,,0.7237,0.7241,0.7254,0.7347,0.726975,,,1.1697448,1.0621791,1.0930222,1.1187247,1.1109177
490,0.7397,0.7192,0.7173,0.7294,0.726,0.7193,0.71,0.7207,0.7227,,,0.7305,0.7222,0.7277,0.712,0.7231,,,0.7243,0.7245,0.7261,0.7358,0.727675,,,1.1729853,1.0894961,1.1047702,1.1203101,1.121890425
510,0.7405,0.7198,0.7178,0.7298,0.7267,0.7195,0.7103,0.7212,0.7232,,,0.7315,0.7234,0.7283,0.7125,0.723925,,,0.7248,0.7251,0.7269,0.737,0.72845,,,1.1792935,1.1154462,1.1313833,1.1336658,1.1399472
530,0.7415,0.7205,0.7184,0.7306,0.7274,0.7199,0.7108,0.7219,0.723875,,,0.7326,0.7247,0.7288,0.713,0.724775,,,0.7254,0.7256,0.7276,0.7379,0.729125,,,1.2070531,1.1114576,1.1482803,1.1562457,1.155759175
550,0.7425,0.7213,0.7191,0.7312,0.7282,0.7203,0.7113,0.7227,0.724575,,,0.7334,0.7262,0.7293,0.7134,0.725575,,,0.7261,0.7263,0.7284,0.7385,0.729825,,,1.2024817,1.1174856,1.1759199,1.1790125,1.168724925
570,0.7438,0.7222,0.7198,0.7318,0.7291,0.7208,0.712,0.7236,0.7253875,,,0.7343,0.7272,0.7298,0.7139,0.7263,,,0.7266,0.7269,0.7293,0.7392,0.7305,,,1.2340043,1.1324159,1.1751988,1.1842182,1.1814593
590,0.7449,0.7231,0.7206,0.7325,0.7302,0.7213,0.7127,0.7246,0.7262375,,,0.7352,0.728,0.7301,0.7143,0.7269,,,0.7273,0.7275,0.7299,0.7397,0.7311,,,1.2513504,1.1422056,1.1618422,1.2076062,1.1907511
610,0.7461,0.7243,0.7214,0.7333,0.7313,0.7219,0.7134,0.7254,0.7271375,,,0.7356,0.729,0.7304,0.7146,0.7274,,,0.728,0.7278,0.7303,0.7402,0.731575,,,1.2444063,1.1348282,1.1570994,1.2338226,1.192539125
630,0.7476,0.7256,0.7224,0.7341,0.7325,0.7225,0.7142,0.7267,0.7282,,,0.7362,0.7303,0.7306,0.7147,0.72795,,,0.7285,0.7278,0.7308,0.7405,0.7319,,,1.2610804,1.1623048,1.1717132,1.2349594,1.20751445
650,0.7491,0.7266,0.7234,0.7348,0.7337,0.723,0.7152,0.7277,0.7291875,,,0.7367,0.7308,0.7308,0.7146,0.728225,,,0.7288,0.7281,0.7311,0.741,0.73225,,,1.2930881,1.1865036,1.18937,1.2537793,1.23068525
670,0.7505,0.7279,0.7244,0.7357,0.7351,0.7236,0.7163,0.7288,0.7302875,,,0.7368,0.7313,0.731,0.7147,0.72845,,,0.7288,0.7284,0.7315,0.7415,0.73255,,,1.3194385,1.1789111,1.2096884,1.261128,1.2422915
690,0.752,0.7291,0.7257,0.7367,0.7367,0.7243,0.7173,0.7298,0.73145,,,0.7364,0.7323,0.7311,0.7147,0.728625,,,0.729,0.7288,0.7315,0.7417,0.73275,,,1.3126191,1.1751407,1.2156367,1.2907652,1.248540425
710,0.754,0.7306,0.7271,0.7377,0.7384,0.7251,0.7186,0.7312,0.7328375,,,0.7366,0.7335,0.7313,0.7148,0.72905,,,0.7291,0.7292,0.7314,0.7419,0.7329,,,1.3276651,1.2013768,1.234015,1.2985458,1.265400675
730,0.7559,0.7322,0.7286,0.7388,0.74,0.7259,0.7197,0.7329,0.73425,,,0.7367,0.7343,0.7315,0.7149,0.72935,,,0.7292,0.7296,0.7314,0.7422,0.7331,,,1.334607,1.1973825,1.2453614,1.2960943,1.2683613
750,0.7578,0.7336,0.73,0.74,0.7418,0.7267,0.7212,0.7349,0.73575,,,0.7367,0.735,0.7316,0.715,0.729575,,,0.7293,0.7294,0.7312,0.7424,0.733075,,,1.3441416,1.1845576,1.2605994,1.3152415,1.276135025
770,0.7602,0.7356,0.7316,0.7413,0.7434,0.7276,0.7229,0.737,0.73745,,,0.7368,0.7352,0.7317,0.7149,0.72965,,,0.7292,0.7293,0.7309,0.7425,0.732975,,,1.3579956,1.2016454,1.2711154,1.3280913,1.289711925
790,0.7624,0.7377,0.733,0.7426,0.7454,0.7289,0.7247,0.7391,0.739225,,,0.737,0.7346,0.7319,0.715,0.729625,,,0.7291,0.7289,0.7308,0.7425,0.732825,,,1.3378447,1.2290035,1.2760556,1.332984,1.29397195
810,0.7647,0.7399,0.7347,0.7439,0.7471,0.7301,0.7266,0.7412,0.741025,,,0.7371,0.7351,0.7317,0.7148,0.729675,,,0.7289,0.7288,0.7305,0.7426,0.7327,,,1.3229012,1.237308,1.2784727,1.3431324,1.295453575
830,0.7667,0.742,0.7364,0.7454,0.7481,0.7313,0.7292,0.7435,0.742825,,,0.7373,0.7354,0.7314,0.7147,0.7297,,,0.7286,0.7288,0.7304,0.7425,0.732575,,,1.3482249,1.240306,1.2842268,1.3563616,1.307279825
850,0.7691,0.7442,0.7381,0.7469,0.7495,0.7324,0.7314,0.7456,0.74465,,,0.7373,0.7358,0.7311,0.7147,0.729725,,,0.7282,0.7287,0.7303,0.7422,0.73235,,,1.3633773,1.2433301,1.2857456,1.3730856,1.31638465
870,0.7713,0.7462,0.7402,0.7484,0.751,0.7335,0.7336,0.7479,0.7465125,,,0.737,0.7357,0.7311,0.7148,0.72965,,,0.728,0.7288,0.7305,0.742,0.732325,,,1.3525956,1.2608579,1.2797974,1.3632818,1.314133175
890,0.7734,0.7486,0.7421,0.7501,0.7525,0.7346,0.7361,0.75,0.748425,,,0.7369,0.7355,0.731,0.7149,0.729575,,,0.7277,0.7288,0.7302,0.7421,0.7322,,,1.3616734,1.2640179,1.2717184,1.3528092,1.312554725
910,0.775,0.7507,0.7439,0.7516,0.7541,0.7359,0.7389,0.7518,0.7502375,,,0.737,0.7348,0.7307,0.7149,0.72935,,,0.7274,0.7284,0.7299,0.742,0.731925,,,1.3520861,1.2579154,1.2818966,1.3493563,1.3103136
930,0.7769,0.7529,0.7454,0.7532,0.7556,0.7372,0.7422,0.7537,0.7521375,,,0.7367,0.7351,0.7304,0.7148,0.72925,,,0.7271,0.7282,0.7297,0.7419,0.731725,,,1.3862653,1.2683309,1.2916172,1.3577249,1.325984575
950,0.7797,0.7554,0.747,0.7545,0.7569,0.7385,0.7453,0.7555,0.7541,,,0.7367,0.735,0.7302,0.7146,0.729125,,,0.727,0.7276,0.7295,0.7416,0.731425,,,1.3950616,1.2788082,1.2838846,1.3897605,1.336878725
970,0.7823,0.7575,0.7489,0.7556,0.7587,0.7396,0.748,0.7574,0.756,,,0.7363,0.7352,0.7298,0.7143,0.7289,,,0.7268,0.7272,0.729,0.7415,0.731125,,,1.3963958,1.2974044,1.2903986,1.4198251,1.351005975
990,0.7849,0.7596,0.7505,0.7572,0.7607,0.7407,0.7509,0.7592,0.7579625,,,0.736,0.7355,0.7295,0.7142,0.7288,,,0.7265,0.727,0.7285,0.7414,0.73085,,,1.3913809,1.2963783,1.3028774,1.46152,1.36303915
1010,0.7877,0.7619,0.752,0.7585,0.763,0.7418,0.754,0.7613,0.760025,,,0.7354,0.7352,0.7294,0.7138,0.72845,,,0.7262,0.7268,0.7282,0.7409,0.730525,,,1.3997517,1.2894793,1.3210328,1.4517496,1.36550335
1030,0.7904,0.7638,0.7537,0.76,0.7649,0.7429,0.7574,0.7639,0.762125,,,0.7347,0.7346,0.7291,0.7135,0.727975,,,0.7262,0.7263,0.7278,0.7406,0.730225,,,1.410444,1.2880688,1.3468157,1.4650549,1.37759585
1050,0.7928,0.7657,0.7553,0.7615,0.767,0.7439,0.7616,0.766,0.764225,,,0.7342,0.7343,0.7287,0.7133,0.727625,,,0.7257,0.7258,0.7273,0.7403,0.729775,,,1.3923708,1.2904105,1.3810693,1.5011164,1.39124175
1070,0.7964,0.7679,0.7566,0.7629,0.7695,0.745,0.7661,0.7686,0.766625,,,0.7339,0.7346,0.7283,0.7129,0.727425,,,0.7253,0.7257,0.727,0.7401,0.729525,,,1.4255233,1.284728,1.3927969,1.5281132,1.40779035
1090,0.8002,0.7699,0.7586,0.7645,0.7716,0.7462,0.7705,0.7715,0.769125,,,0.7333,0.7344,0.7279,0.7126,0.72705,,,0.7249,0.7257,0.7266,0.7397,0.729225,,,1.4419014,1.29721,1.3991016,1.5066984,1.41122785
1110,0.8035,0.7716,0.7613,0.766,0.7744,0.7476,0.7746,0.7743,0.7716625,,,0.7324,0.7343,0.7276,0.7122,0.726625,,,0.7245,0.725,0.7263,0.739,0.7287,,,1.441097,1.2865072,1.41413,1.4949613,1.409173875
1130,0.8069,0.7738,0.7633,0.7676,0.7766,0.749,0.7791,0.7775,0.774225,,,0.7319,0.7335,0.7273,0.7118,0.726125,,,0.7244,0.7248,0.726,0.7382,0.72835,,,1.4309378,1.3073273,1.4370745,1.4938955,1.417308775
1150,0.8101,0.7762,0.7653,0.7693,0.779,0.7505,0.7842,0.7814,0.777,,,0.7315,0.7332,0.7271,0.7111,0.725725,,,0.7241,0.7249,0.7257,0.7378,0.728125,,,1.431251,1.3251712,1.4228048,1.4921577,1.417846175
1170,0.8134,0.7783,0.7675,0.7714,0.7819,0.752,0.7896,0.7847,0.77985,,,0.7314,0.7334,0.7271,0.7107,0.72565,,,0.7238,0.7248,0.7253,0.7376,0.727875,,,,,,,
1190,0.8173,0.7807,0.7698,0.7735,0.785,0.7538,0.7951,0.7887,0.7829875,,,0.7309,0.7329,0.7271,0.7107,0.7254,,,0.7238,0.7244,0.7252,0.737,0.7276,,,,,,,
1210,0.8212,0.7838,0.7722,0.7754,0.7886,0.7556,0.8003,0.7928,0.7862375,,,0.7305,0.7317,0.7269,0.7104,0.724875,,,0.7237,0.7242,0.725,0.7369,0.72745,,,,,,,
1230,0.8253,0.7868,0.7744,0.7775,0.7922,0.7576,0.8049,0.7973,0.7895,,,0.7303,0.7313,0.7268,0.71,0.7246,,,0.7235,0.7241,0.7246,0.7367,0.727225,,,,,,,
1250,0.8291,0.7894,0.7772,0.7798,0.7955,0.7597,0.8094,0.8022,0.7927875,,,0.7299,0.7306,0.7268,0.7098,0.724275,,,0.7234,0.7241,0.7244,0.7362,0.727025,,,,,,,
1270,0.8325,0.7919,0.7799,0.7823,0.7989,0.762,0.8148,0.8073,0.7962,,,0.7294,0.7303,0.7265,0.7098,0.724,,,0.7234,0.7237,0.7242,0.7361,0.72685,,,,,,,
1290,0.8364,0.7946,0.7826,0.7849,0.8022,0.7642,0.8197,0.812,0.799575,,,0.729,0.7299,0.7261,0.7095,0.723625,,,0.7234,0.7235,0.724,0.736,0.726725,,,,,,,
1310,0.8414,0.7967,0.7855,0.788,0.8057,0.7669,0.8239,0.817,0.8031375,,,0.7287,0.7299,0.7258,0.7094,0.72345,,,0.7234,0.7235,0.7238,0.7358,0.726625,,,,,,,
1330,0.8464,0.8002,0.7887,0.7908,0.8098,0.7696,0.83,0.822,0.8071875,,,0.7282,0.7293,0.7255,0.7092,0.72305,,,0.723,0.7232,0.7236,0.7357,0.726375,,,,,,,
1350,0.85,0.8043,0.7912,0.7939,0.8137,0.7719,0.8367,0.8271,0.8111,,,0.7283,0.7288,0.7253,0.7088,0.7228,,,0.7229,0.7229,0.7232,0.7353,0.726075,,,,,,,
1370,0.8542,0.8075,0.7941,0.7971,0.8174,0.7744,0.843,0.8323,0.815,,,0.728,0.7288,0.7251,0.7085,0.7226,,,0.7228,0.7224,0.723,0.735,0.7258,,,,,,,
1390,0.8592,0.8106,0.7971,0.8003,0.8207,0.7772,0.8488,0.8376,0.8189375,,,0.7279,0.7285,0.725,0.7084,0.72245,,,0.7228,0.722,0.7228,0.7348,0.7256,,,,,,,
1410,0.8645,0.8145,0.7998,0.8035,0.8245,0.7801,0.8541,0.843,0.823,,,0.7278,0.7287,0.7247,0.7081,0.722325,,,0.7228,0.7217,0.7228,0.7347,0.7255,,,,,,,
1430,0.8693,0.8181,0.8028,0.8068,0.8286,0.783,0.8603,0.8492,0.8272625,,,0.7276,0.7286,0.7245,0.7078,0.722125,,,0.7226,0.7213,0.7228,0.7344,0.725275,,,,,,,
1450,0.8744,0.822,0.8058,0.8103,0.8333,0.7859,0.8664,0.8549,0.831625,,,0.727,0.7284,0.7244,0.7077,0.721875,,,0.7225,0.7211,0.7226,0.7341,0.725075,,,,,,,
1470,0.8789,0.8257,0.8093,0.8139,0.838,0.7892,0.8723,0.86,0.8359125,,,0.7271,0.728,0.7241,0.7077,0.721725,,,0.7225,0.721,0.7225,0.734,0.725,,,,,,,
1490,0.8827,0.829,0.813,0.818,0.8431,0.7921,0.8791,0.8652,0.840275,,,0.727,0.7283,0.7239,0.7076,0.7217,,,0.7225,0.7211,0.7225,0.7338,0.724975,,,,,,,
1510,0.887,0.8331,0.8162,0.822,0.8476,0.7952,0.8864,0.8703,0.844725,,,0.7267,0.7278,0.7238,0.7074,0.721425,,,0.7226,0.7212,0.7226,0.7336,0.725,,,,,,,
1530,0.8911,0.8384,0.8193,0.8262,0.8523,0.7985,0.8944,0.8751,0.8494125,,,0.7262,0.7281,0.7235,0.7072,0.72125,,,0.7225,0.7213,0.7226,0.7336,0.725,,,,,,,
1550,0.8965,0.8426,0.8226,0.8306,0.8579,0.8017,0.9034,0.8807,0.8545,,,0.7259,0.7276,0.7234,0.707,0.720975,,,0.7225,0.7211,0.7228,0.7335,0.724975,,,,,,,
1570,0.9019,0.8475,0.8258,0.8354,0.8637,0.805,0.9132,0.8857,0.859775,,,0.7258,0.7269,0.7233,0.7068,0.7207,,,0.7226,0.721,0.7228,0.7335,0.724975,,,,,,,
1590,0.9079,0.8531,0.8297,0.8397,0.8692,0.8085,0.9234,0.8914,0.8653625,,,0.7255,0.7266,0.7232,0.7068,0.720525,,,0.7226,0.7209,0.7228,0.7334,0.724925,,,,,,,
1610,0.9138,0.859,0.8338,0.8443,0.8752,0.8119,0.9329,0.8976,0.8710625,,,0.7253,0.7262,0.723,0.7066,0.720275,,,0.7225,0.7211,0.7229,0.7334,0.724975,,,,,,,
1630,0.9196,0.8649,0.8372,0.8493,0.8808,0.8153,0.9425,0.9035,0.8766375,,,0.7251,0.7257,0.7228,0.7065,0.720025,,,0.7224,0.7209,0.7231,0.7335,0.724975,,,,,,,
1650,0.9256,0.8708,0.8413,0.8539,0.8855,0.8187,0.9525,0.9091,0.882175,,,0.7249,0.7263,0.7227,0.7063,0.72005,,,0.7223,0.721,0.7232,0.7337,0.72505,,,,,,,
1670,0.9305,0.8766,0.8452,0.8584,0.8901,0.822,0.9612,0.9153,0.8874125,,,0.7248,0.7259,0.7227,0.7061,0.719875,,,0.7225,0.721,0.7232,0.7336,0.725075,,,,,,,
1690,0.9342,0.8829,0.8492,0.863,0.8954,0.8253,0.9692,0.9213,0.8925625,,,0.7247,0.726,0.7225,0.706,0.7198,,,0.7226,0.7208,0.7233,0.7335,0.72505,,,,,,,
1710,0.938,0.8891,0.853,0.8682,0.9001,0.8289,0.9767,0.9271,0.8976375,,,0.7246,0.7258,0.7223,0.706,0.719675,,,0.7226,0.7206,0.7234,0.7334,0.725,,,,,,,
1730,0.944,0.8957,0.8569,0.874,0.9057,0.8325,0.9854,0.9334,0.90345,,,0.7244,0.7261,0.7224,0.7058,0.719675,,,0.7227,0.7207,0.7235,0.7331,0.725,,,,,,,
1750,0.9493,0.901,0.861,0.8811,0.9097,0.8361,0.9939,0.9397,0.908975,,,0.7241,0.7265,0.7224,0.7057,0.719675,,,0.7228,0.7207,0.7237,0.7329,0.725025,,,,,,,
1770,0.9544,0.9077,0.8652,0.8867,0.9133,0.8398,1.0017,0.9463,0.9143875,,,0.7237,0.7271,0.7223,0.7056,0.719675,,,0.7229,0.7205,0.7239,0.733,0.725075,,,,,,,
1790,0.9613,0.914,0.8687,0.8934,0.918,0.8435,1.0092,0.9523,0.92005,,,0.7235,0.7276,0.7222,0.7053,0.71965,,,0.7229,0.7204,0.724,0.733,0.725075,,,,,,,
1810,0.9659,0.9208,0.8725,0.9004,0.9236,0.8473,1.016,0.9593,0.925725,,,0.7233,0.7286,0.7221,0.7053,0.719825,,,0.723,0.7205,0.7242,0.733,0.725175,,,,,,,
1830,0.9723,0.927,0.8754,0.9081,0.9293,0.8509,1.0228,0.9662,0.9315,,,0.723,0.7284,0.722,0.7053,0.719675,,,0.7232,0.7206,0.7244,0.733,0.7253,,,,,,,
1850,0.9784,0.9339,0.8788,0.9159,0.935,0.8544,1.0296,0.9722,0.937275,,,0.7228,0.7271,0.7218,0.7051,0.7192,,,0.7232,0.7205,0.7244,0.733,0.725275,,,,,,,
1870,0.9846,0.941,0.8831,0.9231,0.9421,0.8579,1.0352,0.9779,0.9431125,,,0.7224,0.7263,0.7218,0.7049,0.71885,,,0.7235,0.7205,0.7244,0.733,0.72535,,,,,,,
1890,0.9906,0.9478,0.8874,0.93,0.9468,0.8622,1.0422,0.9829,0.9487375,,,0.7222,0.7257,0.7217,0.7048,0.7186,,,0.7237,0.7206,0.7247,0.7329,0.725475,,,,,,,
1910,0.9967,0.9558,0.8899,0.9376,0.9524,0.8662,1.0489,0.9879,0.954425,,,0.722,0.7256,0.7216,0.7047,0.718475,,,0.7237,0.7206,0.7248,0.7331,0.72555,,,,,,,
1930,1.0016,0.963,0.8938,0.9444,0.9575,0.8701,1.0536,0.9924,0.95955,,,0.7219,0.7262,0.7214,0.7045,0.7185,,,0.7238,0.7207,0.7248,0.7334,0.725675,,,,,,,
1950,1.0061,0.9706,0.8977,0.951,0.9632,0.8733,1.0598,0.9989,0.965075,,,0.722,0.7272,0.721,0.7044,0.71865,,,0.7238,0.7207,0.7248,0.7334,0.725675,,,,,,,
1970,1.0107,0.9774,0.901,0.9565,0.9687,0.8766,1.0656,1.005,0.9701875,,,0.7217,0.727,0.7208,0.7043,0.71845,,,0.7241,0.7208,0.7248,0.7337,0.72585,,,,,,,
1990,1.0161,0.9847,0.9048,0.9625,0.9745,0.8806,1.0712,1.0116,0.97575,,,0.7215,0.7265,0.7207,0.7043,0.71825,,,0.7243,0.7209,0.7248,0.7339,0.725975,,,,,,,
2010,1.022,0.993,0.9086,0.9699,0.979,0.8849,1.0773,1.0179,0.981575,,,0.7216,0.7262,0.7205,0.7042,0.718125,,,0.7243,0.7209,0.725,0.734,0.72605,,,,,,,
2030,1.0289,1.0007,0.9126,0.9773,0.9832,0.8887,1.0831,1.0231,0.9872,,,0.7214,0.7261,0.7206,0.7042,0.718075,,,0.7246,0.7208,0.7252,0.7343,0.726225,,,,,,,
2050,1.0352,1.008,0.9161,0.983,0.9881,0.8923,1.0888,1.0285,0.9925,,,0.7214,0.7257,0.7206,0.7041,0.71795,,,0.7249,0.7207,0.7253,0.7347,0.7264,,,,,,,
2070,1.042,1.0139,0.9198,0.9894,0.9928,0.8958,1.0947,1.0334,0.997725,,,0.7213,0.7254,0.7204,0.7039,0.71775,,,0.7252,0.7208,0.7254,0.7349,0.726575,,,,,,,
2090,1.0476,1.0215,0.9234,0.9961,0.9979,0.8991,1.1001,1.0386,1.0030375,,,0.7213,0.7256,0.7203,0.7038,0.71775,,,0.7255,0.7208,0.7257,0.7351,0.726775,,,,,,,
2110,1.0535,1.0288,0.9262,1.0033,1.002,0.9023,1.1054,1.045,1.0083125,,,0.7211,0.7254,0.7203,0.7037,0.717625,,,0.7258,0.7206,0.726,0.735,0.72685,,,,,,,
2130,1.0608,1.0367,0.9303,1.0108,1.0061,0.9061,1.1102,1.0513,1.0140375,,,0.7211,0.7247,0.7204,0.7035,0.717425,,,0.7261,0.7206,0.7263,0.735,0.727,,,,,,,
